Group.1	length	FS185-CD4T-F	FS187-CD4T-FRE1	FS188-CD4T-FRE1	FS189-CD4T-FRE1	FS186-CD4T-RE1	FS197-hESC-H9-F	FS198-hESC-H9-F	FS201-hESC-H9-FRE1	FS199-hESC-H9-RE1	FS331-hESC-H9-RE2	FS303-hESC-H9-RE3	FS326-HEK293T-WT-F	FS391-HEK293T-WT-F	FS203-HEK293T-WT-FRE1	FS333-HEK293T-WT-RE2	FS305-HEK293T-WT-RE3	FS327-HEK293T-RNASEH2A-KO-T3-8-F	FS392-HEK293T-RNASEH2A-KO-T3-8-F	FS300-HEK293T-RNASEH2A-KO-T3-8-RE1	FS309-HEK293T-RNASEH2A-KO-T3-8-RE2	FS306-HEK293T-RNASEH2A-KO-T3-8-RE3	FS329-HEK293T-RNASEH2A-KO-T3-17-F	FS393-HEK293T-RNASEH2A-KO-T3-17-F	FS301-HEK293T-RNASEH2A-KO-T3-17-RE1	FS307-HEK293T-RNASEH2A-KO-T3-17-RE2	FS310-HEK293T-RNASEH2A-KO-T3-17-RE3
protein_coding	36.880182635626	0.663084194293764	0.610523432086646	0.649697349486625	0.63883816202401	0.621284264434741	0.669666114511502	0.654637547254045	0.642358666490712	0.616417592223389	0.612163767469094	0.660260957027132	0.629556759301471	0.636471741778995	0.616337313873268	0.611630537653673	0.665642895437161	0.678323175872452	0.706879387530984	0.695216056649077	0.698510795016566	0.710413231838927	0.706512079644454	0.683011811609827	0.70900939859123	0.688235110253791	0.671268751114191
