Group.1	length	FS185-CD4T-F	FS187-CD4T-FRE1	FS188-CD4T-FRE1	FS189-CD4T-FRE1	FS186-CD4T-RE1	FS197-hESC-H9-F	FS198-hESC-H9-F	FS201-hESC-H9-FRE1	FS199-hESC-H9-RE1	FS331-hESC-H9-RE2	FS303-hESC-H9-RE3	FS326-HEK293T-WT-F	FS391-HEK293T-WT-F	FS203-HEK293T-WT-FRE1	FS333-HEK293T-WT-RE2	FS305-HEK293T-WT-RE3	FS327-HEK293T-RNASEH2A-KO-T3-8-F	FS392-HEK293T-RNASEH2A-KO-T3-8-F	FS300-HEK293T-RNASEH2A-KO-T3-8-RE1	FS309-HEK293T-RNASEH2A-KO-T3-8-RE2	FS306-HEK293T-RNASEH2A-KO-T3-8-RE3	FS329-HEK293T-RNASEH2A-KO-T3-17-F	FS393-HEK293T-RNASEH2A-KO-T3-17-F	FS301-HEK293T-RNASEH2A-KO-T3-17-RE1	FS307-HEK293T-RNASEH2A-KO-T3-17-RE2	FS310-HEK293T-RNASEH2A-KO-T3-17-RE3
protein_coding	36.880182635626	0.611510405091586	0.581266158109515	0.58590848510939	0.581812642935398	0.59983387131583	0.607565475726581	0.58782531506302	0.597150705609921	0.616128308742634	0.632317778839206	0.593630414094668	0.593168397665345	0.600763874572575	0.636288320410062	0.684767859592606	0.608039103910942	0.579973124549056	0.582007435719124	0.630745070411199	0.601301503962942	0.602765687520325	0.598504539490565	0.574264933732584	0.612246689242776	0.572500493230265	0.561868924478826
